result type,channel link,channel name,search result link,title
Channel,https://www.youtube.com/c/OpeninApp,OpeninApp,https://www.youtube.com/c/OpeninApp,OpeninApp
Channel,https://www.youtube.com/channel/UCIGDcUqL2kKMdJCpIr_dfxg,OpeninApp,https://www.youtube.com/channel/UCIGDcUqL2kKMdJCpIr_dfxg,OpeninApp
Channel,https://www.youtube.com/c/OpeninApp/featured,OpeninApp,https://www.youtube.com/c/OpeninApp/featured,OpeninApp
Channel,https://www.youtube.com/c/OpeninApp/featured,OpeninApp,https://www.youtube.com/hashtag/openinapp,OpeninApp
Video,https://www.youtube.com/channel/UC3gnV5Yt4crSTk1mHDejZVA,spksunny,https://www.youtube.com/watch?v=vOo-VyPIiW0,How to use openinapp | How To Open Link Directly in App
Video,https://www.youtube.com/channel/UCIGDcUqL2kKMdJCpIr_dfxg,OpeninApp,https://www.youtube.com/watch?v=Fk4E7l18RRo,OpeninApp Dashboard Walkthrough and Product Demo
Video,https://www.youtube.com/channel/UCIGDcUqL2kKMdJCpIr_dfxg,OpeninApp,https://www.youtube.com/watch?v=8_kYd5rbxn8,OpeninApp Walkthrough
Video,https://www.youtube.com/channel/UCXUtynU1A6DkXvnmVNRnbhQ,Boogeyman Creations,https://www.youtube.com/watch?v=SuCFB7VGNMo,OpeninApp: Create Smart Links That Open Directly in The App Instead of The Browser | Redefine Links
Video,https://www.youtube.com/channel/UCIGDcUqL2kKMdJCpIr_dfxg,OpeninApp,https://www.youtube.com/watch?v=IITh35IbCSs,How OpeninApp Makes Influencers Come to You! Streamlining Brand Campaign Collaborations
Video,https://www.youtube.com/channel/UCIGDcUqL2kKMdJCpIr_dfxg,OpeninApp,https://www.youtube.com/watch?v=O6lup3SN4Bw,Here's why OpeninApp gets better ROIs with your links
Video,https://www.youtube.com/channel/UCJNKoIYPM1-5uwmCMRfiL6g,Vedprakash Wagh,https://www.youtube.com/watch?v=fni_OO5BwOI,OpenInApp Demo Video
Video,https://www.youtube.com/channel/UCIGDcUqL2kKMdJCpIr_dfxg,OpeninApp,https://www.youtube.com/watch?v=-GvsoRszRt4,"Open Youtube Videos in App using Openinapp- Better User Experience, Higher Engagement, More Reach."
Video,https://www.youtube.com/channel/UCJ2Hexjg59NLlFZAodX6eWg,OEDRO,https://www.youtube.com/watch?v=eyB4I73PZfY,"Deal: https://openinapp.co/fc6oq, 9% OFF, Father's Day Special!"
Video,https://www.youtube.com/channel/UCJ2Hexjg59NLlFZAodX6eWg,OEDRO,https://www.youtube.com/watch?v=1k3rW_MMvg4,HOT Deal:https://openinapp.co/75b5x @oedroautoparts Front Bumper and Skid Plate Compatible
Video,https://www.youtube.com/channel/UCJ2Hexjg59NLlFZAodX6eWg,OEDRO,https://www.youtube.com/watch?v=yx0abfdHY8Q,"Father's Day sale, Shop Now: ""https://openinapp.co/2cfl1"""
Video,https://www.youtube.com/channel/UCcW7irvLsKK_6WN4UAPjwYg,DRaMa teCh,https://www.youtube.com/watch?v=0kxVoBdVMdU,Social Media ‡§∏‡•á Subscriber ‡§¨‡§¢‡§º‡§æ‡§ì #Open_In_App | OpeninApp ko kaise use kare | OpeninApp kya hai?
Video,https://www.youtube.com/channel/UCJ2Hexjg59NLlFZAodX6eWg,OEDRO,https://www.youtube.com/watch?v=OuxYGlIvong,"Deal: https://openinapp.co/g6oaf, Hot Sale 27% OFF, HURRY!"
Video,https://www.youtube.com/channel/UC9V7on1ikcP3isfy-lcIhEA,suresh_maheshwari.official,https://www.youtube.com/watch?v=JN0BXZIE3PQ,https://openinapp.co/natrsorrygiftDisclosure: video description affiliate buy through the links
Video,https://www.youtube.com/channel/UCs7s_GU4POReXU1wkNZJRrQ,OBS_Bryce_on_16s,https://www.youtube.com/watch?v=PGlA4IdGQtI,2nd gen tonneau @oedroautoparts6560  check it out here ‚û°Ô∏è https://openinapp.co/3okpy
Video,https://www.youtube.com/channel/UCIGDcUqL2kKMdJCpIr_dfxg,OpeninApp,https://www.youtube.com/watch?v=zEd9C0eRwzY,"OpeninApp for Creators- Ensure High Ad Revenue, Engagement, Subscriptions And Much More."
Video,https://www.youtube.com/channel/UCl-eEUOw4DrP9LWWZs0vlQg,Yshnav Vs,https://www.youtube.com/watch?v=a75Kj8G7xw0,https://openinapp.co/4k12k#homeworkout #homegymtraining #gymtips #homegym
Video,https://www.youtube.com/channel/UCtgru8HUCtjlGuVfgT-aA9A,YITAMotor,https://www.youtube.com/watch?v=Mi4eiO-ESG0,"HOT Deal: https://openinapp.co/nnqnl, $20 OFF, Father's Day Special."
Video,https://www.youtube.com/channel/UCvtDQVgjc_StTBVoQ1Rn3oQ,omveer singh gurjar,https://www.youtube.com/watch?v=QSAV0HesmTQ,milba aaja bhayela dill tadpane teri koyal ka. OpeninApp Smart Link for üëâ Smart Creator https  openi
Video,https://www.youtube.com/channel/UCpHVCb-__p4gjPuRM6TGPbg,ITZ YASH MISHRA,https://www.youtube.com/watch?v=peY6Bez4baY,full video -https://openinapp.co/yop0s
Video,https://www.youtube.com/channel/UCJ7e8_FVwjZV_zOy8SUIO3Q,AjayaDsa 143,https://www.youtube.com/watch?v=6MuvhpH9R_A,"Hey there! I'm Neha, your enthusiastic Openinapp support. How can I assist you today?"
Video,https://www.youtube.com/channel/UCQjKykVcd4exsP9CB6xRbUg,DANCE TO DANCE,https://www.youtube.com/watch?v=x6nrchdG_5k,Full Danceüëâ https://openinapp.co/4b6ke
Video,https://www.youtube.com/channel/UCKcK5BgHlr5MTG3zGyYoA1A,Aryan_vlogs,https://www.youtube.com/watch?v=dFJd_F0BFD4,https://openinapp.co/q0qm2
Video,https://www.youtube.com/channel/UC4GdDkyuNzjnJTB-nQuLNSQ,Urjita Wani,https://www.youtube.com/watch?v=KtI3wEWX1lU,Watch the full video here: https://openinapp.co/3649w
Video,https://www.youtube.com/channel/UCtgru8HUCtjlGuVfgT-aA9A,YITAMotor,https://www.youtube.com/watch?v=bfs2y2y7hh0,"Rev up your Father's Day celebrations, ""https://openinapp.co/75b5x"""
Video,https://www.youtube.com/channel/UCIGDcUqL2kKMdJCpIr_dfxg,OpeninApp,https://www.youtube.com/watch?v=sKyf48XBf2U,Rapid Fire Ft. Kiran Kumar @KiranKumarYT #thegreatindiancreator #OpeninApp #Podcast
Channel,https://www.youtube.com/channel/UClOQrZIZQZojI3CmJ3jC2eg?app=desktop,DSA,https://www.youtube.com/channel/UClOQrZIZQZojI3CmJ3jC2eg?app=desktop,DSA
Video,https://www.youtube.com/channel/UC4GdDkyuNzjnJTB-nQuLNSQ,Urjita Wani,https://www.youtube.com/watch?v=Y0futiFT6-Y,Feminism matlab ghar ka beta banna?? Check out the full video: https://openinapp.co/3649w
Video,https://www.youtube.com/channel/UCs7s_GU4POReXU1wkNZJRrQ,OBS_Bryce_on_16s,https://www.youtube.com/watch?v=_vok3EqklOU,@oedroautoparts6560 floor mats in my f350. Link ‚û°Ô∏è https://openinapp.co/d57nj
Video,https://www.youtube.com/channel/UCaDOM5ND7iSAkCK3_rEaKYw,Ravi Sahani,https://www.youtube.com/watch?v=sGXxM8zOriU,https://openinapp.co/mknaw
Video,https://www.youtube.com/channel/UC4GdDkyuNzjnJTB-nQuLNSQ,Urjita Wani,https://www.youtube.com/watch?v=pS-3W8KHj4k,Full video here: https://openinapp.co/3649w #pregnancytest #redflags #intercastelove #standupcomedy
Short,https://www.youtube.com/channel/UCfPc_RYI8cwxyiMQCDekYjA,SiddsNation Shorts,https://www.youtube.com/shorts/LxU4KongeGg,How to open any link in its app instead of browser | Open in app #shorts #openinapp
Video,https://www.youtube.com/channel/UCeKEIS_6m0-hMomFr_O54lg,Sriram Selvan,https://www.youtube.com/watch?v=j6QfKiSTazY,One Move !! Big effects
Video,https://www.youtube.com/channel/UCdX_KVt0S-B0wvVCPHwmRwg,Asma Khanam,https://www.youtube.com/watch?v=T4LXH9iG27c,https://Youtube.openinapp.co/gdiws
Video,https://www.youtube.com/channel/UCIGDcUqL2kKMdJCpIr_dfxg,OpeninApp,https://www.youtube.com/watch?v=q_JnSBf-b3I,OpeninApp - For Brands : Run Campaigns with the ROIs You Deserve.
Video,https://www.youtube.com/channel/UCtgru8HUCtjlGuVfgT-aA9A,YITAMotor,https://www.youtube.com/watch?v=trahYtTbEpc,"Upgrade your Jeep, Get flat 18% off Order Now https://openinapp.co/8fgd9"
Video,https://www.youtube.com/channel/UC-wGWtz2VyxCRnDbg5Pc2Fw,rdxeditar10,https://www.youtube.com/watch?v=u4Cww0CCUGY,@rdxeditar10 https://openinapp.co/odc1d#photography
Video,https://www.youtube.com/channel/UCpirGTw5CWnTmJzip-k19SA,Sunny katyal 13 13,https://www.youtube.com/watch?v=3GgT8tHz898,PART 1    FULL video link /   https://yt.openinapp.co/pcwiw
Video,https://www.youtube.com/channel/UC0jmLQ29eW7bb_DZjoNwtrA,MP Vlogs,https://www.youtube.com/watch?v=zxTgu3tN-eE,https://openinapp.co/rrvoh plzzzz  support me guys
Video,https://www.youtube.com/channel/UCIGDcUqL2kKMdJCpIr_dfxg,OpeninApp,https://www.youtube.com/watch?v=m7H0PPtfuo4,OpeninApp - For Agencies : Smart Links Boosting Your ROIs and KPIs for your Brand Campaigns.
Video,https://www.youtube.com/channel/UCzHCLS-7yPauTKWRxAdKRpg,World fact home,https://www.youtube.com/watch?v=qtQZg9deBOM,#abpnewslive https://openinapp.co/ust3m
Video,https://www.youtube.com/channel/UCdX_KVt0S-B0wvVCPHwmRwg,Asma Khanam,https://www.youtube.com/watch?v=1mjEXESNXgY,https://Youtube.openinapp.co/gdiws
Video,https://www.youtube.com/channel/UCUSLCEqNrmtcc6zUd1FkK3g,Peacelover Music,https://www.youtube.com/watch?v=a-qoDYHLmKY,https://openinapp.co/xqmei
Video,https://www.youtube.com/channel/UCUmxyLhb5CzAUFKFCQYy5iw,Glamour Saloon,https://www.youtube.com/watch?v=zMbNMqghlcU,https://yt.openinapp.co/q5x93
Video,https://www.youtube.com/channel/UCvtDQVgjc_StTBVoQ1Rn3oQ,omveer singh gurjar,https://www.youtube.com/watch?v=s51xEN1RSxg,my home par program me new ledise dance         https://openinapp.co/ktpj7
Channel,https://www.youtube.com/c/SavvyFernweh/community,Savvy Fernweh,https://www.youtube.com/c/SavvyFernweh/community,Savvy Fernweh
Video,https://www.youtube.com/channel/UCR7RTnnMLXPU2y8jG1tw_HA,Joy Vlogs,https://www.youtube.com/watch?v=pPS9GAHGHsA,Mini Vlog : 1000 takay Sea Beach Camping üòç Full Vlog : https://openinapp.co/is91h
Video,https://www.youtube.com/channel/UCzO423lklT8j1VNGEfgnSdA,ViRoli trends,https://www.youtube.com/watch?v=Ko9V07_ikIM,https://amazon.openinapp.co/moredivine pls click this link and get suprisely #trend @GamerFleet
Video,https://www.youtube.com/channel/UCb-xXZ7ltTvrh9C6DgB9H-Q,Prasadtechintelugu,https://www.youtube.com/watch?v=L6QdFCjeMmQ,"Technews 1455 || Whatsapp Web, Twitter Trump , Fake Catcher, Jeff Bezos, Bill Gates Etc..."
Video,https://www.youtube.com/channel/UCb-xXZ7ltTvrh9C6DgB9H-Q,Prasadtechintelugu,https://www.youtube.com/watch?v=aJ1MWMI_4Hs,"Tech News 1416 || vivo X Fold Plus, Pubg Ban, instagram Bug, realme UI 4, Samsung Satellite  Etc..."
Video,https://www.youtube.com/channel/UCDM_6JROsHGIOgZOilxiuOQ,small_TOWN_VLOGS_0036,https://www.youtube.com/watch?v=PWiFT3CLCEo,guys please support me üôèhttps://openinapp.co/fi7tp
Video,https://www.youtube.com/channel/UCb-xXZ7ltTvrh9C6DgB9H-Q,Prasadtechintelugu,https://www.youtube.com/watch?v=rrfKkcSLRXw,"TechNews 1469 || iQOO 11 Series, iQOO Neo 7 Se, OPPO inno Day, OTT Movies, Oneplus 55 Inch TV Etc.."
Video,https://www.youtube.com/channel/UCdX_KVt0S-B0wvVCPHwmRwg,Asma Khanam,https://www.youtube.com/watch?v=CFbyjoBoWTw,https://Youtube.openinapp.co/gdiws
Video,https://www.youtube.com/channel/UC3HwGZEEg2KGzu1sL4y0PbA,Electronics Electrical malayalam,https://www.youtube.com/watch?v=_3-BiHZod2c,Analog VU Bluetooth Preamp Set ‡¥ö‡µÜ‡¥Ø‡µç‡¥§‡¥™‡µç‡¥™‡µã‡µæ #Shorts #vu #dalispeakers
Video,https://www.youtube.com/channel/UCb-xXZ7ltTvrh9C6DgB9H-Q,Prasadtechintelugu,https://www.youtube.com/watch?v=szphgs_hJ9E,"Technews 1462 || iQOO 11, OnePlus Nord CE 3 , Whatsapp, TATA iPhone, Sony Mocopi Etc.."
Video,https://www.youtube.com/channel/UCb-xXZ7ltTvrh9C6DgB9H-Q,Prasadtechintelugu,https://www.youtube.com/watch?v=aKFYFl14wJk,"Technews 1448 || Spotify ,Meta Jobs, Bitcoin Crash, OnePlus Nord CE 3, vivo X90 Pro , apple 5G Etc.."
Video,https://www.youtube.com/channel/UCaxMDIOBKdqyJAPjFIZfCHQ,AK_ABHISHEK_999ff,https://www.youtube.com/watch?v=IL6olHyCO2k,Scorpio cheat code 333 #bikelover      my Instagram ID   https://openinapp.co/ieyox
Video,https://www.youtube.com/channel/UCEPL07qzVsOcHd3sMUws65g,Trakin Tech,https://www.youtube.com/watch?v=jJ6nxc7BgOU,10+ Crazy Smartphone Deals You SHOULD NOT MISS in Amazon Summer Sale 2022
Video,https://www.youtube.com/channel/UCb-xXZ7ltTvrh9C6DgB9H-Q,Prasadtechintelugu,https://www.youtube.com/watch?v=S9P9nXi5720,BeatXP Unbound & Marv Unboxing || in Telugu ||
Video,https://www.youtube.com/channel/UCdX_KVt0S-B0wvVCPHwmRwg,Asma Khanam,https://www.youtube.com/watch?v=4Q-jlIlwavo,https://Youtube.openinapp.co/gdiws
Video,https://www.youtube.com/channel/UCzHCLS-7yPauTKWRxAdKRpg,World fact home,https://www.youtube.com/watch?v=uBqgNlm6mo8,https://openinapp.co/sihft(4)
Video,https://www.youtube.com/channel/UChBT5TlUeG68PKvJSg6MkqQ,Money Purse { ‡∞Æ‡∞®‡±Ä ‡∞™‡∞∞‡±ç‡∞∏‡±ç },https://www.youtube.com/watch?v=iykxJzLWAwI,Prepayment Charges On Loan | #shorts
Video,https://www.youtube.com/channel/UC24GG0Pa4wTUuugpYPv4AEA,Rb technical skills,https://www.youtube.com/watch?v=YlQkxfO9zRE,Use Openinapp Get more views and Subscribe|views badhnye ka best track|1000 Subscribe 10 days may|
Video,https://www.youtube.com/channel/UChBT5TlUeG68PKvJSg6MkqQ,Money Purse { ‡∞Æ‡∞®‡±Ä ‡∞™‡∞∞‡±ç‡∞∏‡±ç },https://www.youtube.com/watch?v=-pulc06dKA8,üî¥DON'T maintain Multiple BANK Accounts | #shorts
Video,https://www.youtube.com/channel/UCGLqsJQFlRKkJHOOiFR68_g,Manoj Dey Vlogs,https://www.youtube.com/watch?v=zJsAECXaPYU,Socha Nahi Tha Apple MacBook Air 15 Inch 2023 Itna Powerful Hoga üî•üòç
Video,https://www.youtube.com/channel/UCeBAgor-up6HOTcOXjoaiZQ,YashSaini Shorts,https://www.youtube.com/watch?v=4ribByvlkSY,My first vlog out now click the link :- https://openinapp.co/zrhhu
Video,https://www.youtube.com/channel/UCdX_KVt0S-B0wvVCPHwmRwg,Asma Khanam,https://www.youtube.com/watch?v=XtwCD68JfJU,https://Youtube.openinapp.co/gdiws
Video,https://www.youtube.com/channel/UCdX_KVt0S-B0wvVCPHwmRwg,Asma Khanam,https://www.youtube.com/watch?v=y8N7ORShafg,https://Youtube.openinapp.co/gdiws
Video,https://www.youtube.com/channel/UCrevlcJxSotrWs91IUOEghw,Arpita vlogs,https://www.youtube.com/watch?v=tzEm2X1aBnw,kichuta time nijader jonno(@arpitapolley )#viral #recommended https://openinapp.co/qk4ub
Video,https://www.youtube.com/channel/UCjAN96n1KcKIKfeWPU2PCzQ,Pam D'Souza,https://www.youtube.com/watch?v=slGqz6cZ4VM,CHARLOTTE TILBURY Hollywood Flawless Filter (Discount code #charlottetilbury #makeup #beauty #shorts
Video,https://www.youtube.com/channel/UCb-xXZ7ltTvrh9C6DgB9H-Q,Prasadtechintelugu,https://www.youtube.com/watch?v=eZt60cJVGqM,Lenovo IdeaPad Flex 5i | 2 in 1 Laptop Unboxing & initial impressions in Telugu |
Video,https://www.youtube.com/channel/UCdX_KVt0S-B0wvVCPHwmRwg,Asma Khanam,https://www.youtube.com/watch?v=QEqqJj59LTU,https://Youtube.openinapp.co/gdiws
Video,https://www.youtube.com/channel/UCb-xXZ7ltTvrh9C6DgB9H-Q,Prasadtechintelugu,https://www.youtube.com/watch?v=-C79-g0HxVE,"Technews 1480 || Zomato Recap 2022, Apple Foldable phone, Samsung A14 & A23 , imdb Rating Etc.."
Video,https://www.youtube.com/channel/UC1syfx3kNfwHl2ZfIofnPNA,Naman Paliwal,https://www.youtube.com/watch?v=PMHQV2UpwVI,Chennai Express Theme - Piano | Naman Paliwal
Video,https://www.youtube.com/channel/UCjAN96n1KcKIKfeWPU2PCzQ,Pam D'Souza,https://www.youtube.com/watch?v=DX-JyMGxniY,Yesstyle Accessories you Must Have haul - Discount Code PAMSSTATION
Video,https://www.youtube.com/channel/UCzHCLS-7yPauTKWRxAdKRpg,World fact home,https://www.youtube.com/watch?v=DTu5MuevAgk,https://openinapp.co/sihft(2)
Video,https://www.youtube.com/channel/UCzHCLS-7yPauTKWRxAdKRpg,World fact home,https://support.google.com/websearch/answer/3338405?hl=en,https://openinapp.co/sihft(2)
Video,https://www.youtube.com/channel/UCb-xXZ7ltTvrh9C6DgB9H-Q,Prasadtechintelugu,https://www.youtube.com/watch?v=Xqs9dE3Rfxw,"Technews 1495 || Bhar OS, Whatsapp Job Scam, AirTag, Apple, iQOO 11 Deal Etc..."
Video,https://www.youtube.com/channel/UCb-xXZ7ltTvrh9C6DgB9H-Q,Prasadtechintelugu,https://support.google.com/websearch/answer/3338405?hl=en,"Technews 1495 || Bhar OS, Whatsapp Job Scam, AirTag, Apple, iQOO 11 Deal Etc..."
Video,https://www.youtube.com/channel/UCIGDcUqL2kKMdJCpIr_dfxg,OpeninApp,https://www.youtube.com/watch?v=hN-2jwwF4jk,"Bitly vs OpeninApp- Deep Links, Analytics, Personalization, Brand Deals and Much More."
Video,https://www.youtube.com/channel/UCIGDcUqL2kKMdJCpIr_dfxg,OpeninApp,https://support.google.com/websearch/answer/3338405?hl=en,"Bitly vs OpeninApp- Deep Links, Analytics, Personalization, Brand Deals and Much More."
Video,https://www.youtube.com/channel/UCdX_KVt0S-B0wvVCPHwmRwg,Asma Khanam,https://www.youtube.com/watch?v=gyy-U-mXdv0,https://Youtube.openinapp.co/gdiws
Video,https://www.youtube.com/channel/UCdX_KVt0S-B0wvVCPHwmRwg,Asma Khanam,https://support.google.com/websearch/answer/3338405?hl=en,https://Youtube.openinapp.co/gdiws
Video,https://www.youtube.com/channel/UCdX_KVt0S-B0wvVCPHwmRwg,Asma Khanam,https://support.google.com/websearch/answer/3338405?hl=en,https://Youtube.openinapp.co/gdiws
Video,https://www.youtube.com/channel/UChBT5TlUeG68PKvJSg6MkqQ,Money Purse { ‡∞Æ‡∞®‡±Ä ‡∞™‡∞∞‡±ç‡∞∏‡±ç },https://www.youtube.com/watch?v=Z8ofLza36EU,Reality Of Dubai Trip| #finance #shorts
Video,https://www.youtube.com/channel/UChBT5TlUeG68PKvJSg6MkqQ,Money Purse { ‡∞Æ‡∞®‡±Ä ‡∞™‡∞∞‡±ç‡∞∏‡±ç },https://support.google.com/websearch/answer/3338405?hl=en,Reality Of Dubai Trip| #finance #shorts
Video,https://www.youtube.com/channel/UCWP4FTfQYQ5kaNzfUaiZT9A,Prafull MBA CHAI WALA,https://www.youtube.com/watch?v=BfM-zY_476I,Vlog 02 - Diwali with Prafull Billore |  MBA CHAI WALA
Video,https://www.youtube.com/channel/UCWP4FTfQYQ5kaNzfUaiZT9A,Prafull MBA CHAI WALA,https://support.google.com/websearch/answer/3338405?hl=en,Vlog 02 - Diwali with Prafull Billore |  MBA CHAI WALA
Video,https://www.youtube.com/channel/UCdX_KVt0S-B0wvVCPHwmRwg,Asma Khanam,https://www.youtube.com/watch?v=nYj5r0LXb-8,https://Youtube.openinapp.co/gdiws
Video,https://www.youtube.com/channel/UCdX_KVt0S-B0wvVCPHwmRwg,Asma Khanam,https://support.google.com/websearch/answer/3338405?hl=en,https://Youtube.openinapp.co/gdiws
Video,https://www.youtube.com/channel/UCjAN96n1KcKIKfeWPU2PCzQ,Pam D'Souza,https://www.youtube.com/watch?v=GbJv4WkHADk,Neogen Snail Essence Must Try #skincare #koreanskincare #neogen #shorts
Video,https://www.youtube.com/channel/UCjAN96n1KcKIKfeWPU2PCzQ,Pam D'Souza,https://support.google.com/websearch/answer/3338405?hl=en,Neogen Snail Essence Must Try #skincare #koreanskincare #neogen #shorts
Video,https://www.youtube.com/channel/UC-lz3wk_zlDpgq4iXp5Hl-g,MrCyberSquadRocks,https://www.youtube.com/watch?v=z38gS7J5seE,üò± OMG !! NEW ULTIMATE SET WITH NEW MYTHIC M249 UPGRADABLE SKIN CRATE OPENING & MAXING OUT IN BGMI
Video,https://www.youtube.com/channel/UC-lz3wk_zlDpgq4iXp5Hl-g,MrCyberSquadRocks,https://support.google.com/websearch/answer/3338405?hl=en,üò± OMG !! NEW ULTIMATE SET WITH NEW MYTHIC M249 UPGRADABLE SKIN CRATE OPENING & MAXING OUT IN BGMI
Video,https://www.youtube.com/channel/UCdX_KVt0S-B0wvVCPHwmRwg,Asma Khanam,https://www.youtube.com/watch?v=ys5i_CyoAIE,https://Youtube.openinapp.co/gdiws
Video,https://www.youtube.com/channel/UCBlY7Bq7sGFySzc5qa2mlcQ,Travel With Artist Monk,https://www.youtube.com/watch?v=Q_SHeJjtKEA,For Appointment Click On This Link https://openinapp.co/xf8r0 #tattoo #dehradun #trending #shorts
Video,https://www.youtube.com/channel/UChDzqpxhZBVggy0VDCD-bGQ,Deepanshu Bhaskar,https://www.youtube.com/watch?v=EGLcR_G7jYg,Open Links Directly in Apps
Video,https://www.youtube.com/channel/UC4GdDkyuNzjnJTB-nQuLNSQ,Urjita Wani,https://www.youtube.com/watch?v=s0eUGZVDdxU,Single logo ki kahaani! Watch the full video here: https://openinapp.co/3649w
Video,https://www.youtube.com/channel/UCcEemKX91VohoKl6uRBAPyQ,SimpleGhar Hindi,https://www.youtube.com/watch?v=9jbHOBxdNpw,MOST USEFUL Unique Home Gadget!! For WIFI!! #hindi #viral #gadgets #home #amazon
Video,https://www.youtube.com/channel/UCjAN96n1KcKIKfeWPU2PCzQ,Pam D'Souza,https://www.youtube.com/watch?v=yRxXLMVd2es,ùêáùê®ùê¶ùêû ùêÉùêûùê©ùê®ùê≠ ùêéùêßùê•ùê¢ùêßùêû ùêíùê°ùê®ùê©ùê©ùê¢ùêßùê† ùêçùêûùê∞ ùêëùêÆùê† ùêñùê°ùêöùê≠ ùêà ùê®ùê´ùêùùêûùê´ùêûùêù ? ùêöùêßùêù ùê∞ùê°ùêöùê≠ ùêà ùêÜùêéùêì ?
Video,https://www.youtube.com/channel/UCkrFKmxXrLs2_rFzD4XM5Sw,Inspiring Prashant,https://www.youtube.com/watch?v=Njo_GPYbTvY,How to Open Insta stories directly in App with #openinapp & #appopener üî•
Video,https://www.youtube.com/channel/UCUU8f3Y05MXzAx1JAWdnVhQ,SANGRAL VLOG'S,https://www.youtube.com/watch?v=wlbupzFpvEY,@sangralvlogs84 https://SANGRALVLOGS.openinapp.co/1ywnm #trending#youtuber #baramulla #historical
Video,https://www.youtube.com/channel/UC4GdDkyuNzjnJTB-nQuLNSQ,Urjita Wani,https://www.youtube.com/watch?v=wh5G03w0KS0,Check out the full video: https://openinapp.co/3649w #bollywood #romantic #marinedrive #romeojuliet
Video,https://www.youtube.com/channel/UCeEP6GESh2t4-e2132uj3Sg,DAY TRADER ‡∞§‡±Ü‡∞≤‡±Å‡∞ó‡±Å,https://www.youtube.com/watch?v=sTzambPkZis,Ads Mafiaüò° Change your mobile settings #short
Video,https://www.youtube.com/channel/UCb-xXZ7ltTvrh9C6DgB9H-Q,Prasadtechintelugu,https://www.youtube.com/watch?v=L-ZXA4p66xo,"Technews 1515 Moto G73,iQOO Z7, Nothing Ear 2,Samsung A32,Whatsapp new features etc"
Video,https://www.youtube.com/channel/UCIGDcUqL2kKMdJCpIr_dfxg,OpeninApp,https://www.youtube.com/watch?v=xsysDqmto_E,"Open Links in App!- Smart Links boosting Your Engagement, Subscriber Count, Ad Revenue, Sales."
Video,https://www.youtube.com/channel/UCa9LpfUbsjGCI6EZ5qdffoA,Freedom_ Foz_,https://www.youtube.com/watch?v=OsHFAEF5eH4,Jeep Gladiator bed mat review from @oedroautoparts6560   $15 off https://openinapp.co/jhjt6
Video,https://www.youtube.com/channel/UC1Wumvifcoqj1278DVEuXyA,‡§Æ‡•á‡§π‡•Å‡§≤ ‡§∏‡§ø‡§∏‡•ã‡§¶‡§ø‡§Ø‡§æ ‡§ó‡•Å‡§ú‡§∞‡§æ‡§§‡•Ä,https://www.youtube.com/watch?v=7zG7jspETQQ,https://openinapp.co/sv4y1
Video,https://www.youtube.com/channel/UCFvZJeza8kzMlWSSTqSKoxQ,Shubham Yogendrakumar Shah,https://www.youtube.com/watch?v=w6RxU6onyZk,OpenInApp Frontend Developer Internship | Stipend Rs 30000 /Month | Paid Internship #internships2023
Video,https://www.youtube.com/channel/UCe45Ku0uxXVftzWGRRgLs2g,Timo Pubg,https://www.youtube.com/watch?v=_vIwnQ0hmcU,how to shorten youtube channel link?? | openinapp.com
Video,https://www.youtube.com/channel/UC7N22Z-iFxSEMy_S0eb1QoQ,Kalpak vlog,https://www.youtube.com/watch?v=YqwWVGlbiT8,Instagram Viral Coffee Using Strainer | @KalpakVlog   #shorts
Video,https://www.youtube.com/channel/UCR7RTnnMLXPU2y8jG1tw_HA,Joy Vlogs,https://www.youtube.com/watch?v=AY-_wgax05s,‡¶™‡ßç‡¶∞‡¶•‡¶Æ‡¶¨‡¶æ‡¶∞ ‡¶¨‡¶æ‡¶Ç‡¶≤‡¶æ‡¶¶‡ßá‡¶∂‡ßá‡¶∞ ‡¶∏‡¶¨‡¶•‡ßá‡¶ï‡ßá ‡¶¨‡ßú‡ßã ‡¶≠‡ßü‡¶ô‡ßç‡¶ï‡¶∞ ‡¶≤‡¶û‡ßç‡¶ö journey : Joy Vlogs Facebook - https://openinapp.co/ojpmn
Video,https://www.youtube.com/channel/UChBT5TlUeG68PKvJSg6MkqQ,Money Purse { ‡∞Æ‡∞®‡±Ä ‡∞™‡∞∞‡±ç‡∞∏‡±ç },https://www.youtube.com/watch?v=PvLOVnklGc8,He Earned 1800 Crores From Stock Market With This Strategyüò≤ | This is his Latest PortfolioüëÜ
Video,https://www.youtube.com/channel/UCpjMlxHaEySFziMDiXNysLw,Riva Arora,https://www.youtube.com/watch?v=7t9uVwNjwDU,Mom ne apna idea regret kiya üò±ü´£üòÇ #riva #rivarora #rivaaroraofficial #youtubeshorts #trend #funny
Video,https://www.youtube.com/channel/UCpjMlxHaEySFziMDiXNysLw,Riva Arora,https://www.youtube.com/watch?v=7t9uVwNjwDU,Mom ne apna idea regret kiya üò±ü´£üòÇ #riva #rivarora #rivaaroraofficial #youtubeshorts #trend #funny
Video,https://www.youtube.com/channel/UCSyhu4VGGxWhsqDxqnsG7vw,V.P FINANCIALS,https://www.youtube.com/watch?v=QQJzoO3IWFw,Episode 1 | ‡§Ö‡§¨ ‡§∏‡•á Trading ‡§Æ‡•á‡§Ç Loss ‡§®‡§π‡•Ä‡§Ç ‡§π‡•ã‡§ó‡§æ | VP Financials | Roadmap To Become Profitable Trader üìà
Video,https://www.youtube.com/channel/UCpjMlxHaEySFziMDiXNysLw,Riva Arora,https://www.youtube.com/watch?v=p05Vdbt1JqA,Pehli baar train me ye hua üòÇü§¶‚Äç‚ôÄÔ∏è #riva #rivaarora #rivaaroraofficial #youtubeshorts #travel
Video,https://www.youtube.com/channel/UCBJ1_kfnW3XKDluj28Zvsig,Geek Abhishek,https://www.youtube.com/watch?v=Ge8wWwOR8RY,Moto E13 Unboxing - Fastest Phone Under 7000 ü§Ø
Video,https://www.youtube.com/channel/UCfDMjvpMZGxZdXguJBIqaeA,PRATHAM RASTE,https://www.youtube.com/watch?v=9w-FouGeeA0,Direct open in youtube | tips for youtubers | OpeninApp| best website for youtubers | instagram Hack
Video,https://www.youtube.com/channel/UCcEemKX91VohoKl6uRBAPyQ,SimpleGhar Hindi,https://www.youtube.com/watch?v=ZY4dlVGBLGU,‚Çπ100 vs ‚Çπ1000 Tempered Glass - TESTED!! #shorts #hindi #viral #iphone
Video,https://www.youtube.com/channel/UCeEP6GESh2t4-e2132uj3Sg,DAY TRADER ‡∞§‡±Ü‡∞≤‡±Å‡∞ó‡±Å,https://www.youtube.com/watch?v=LG8VCuGEOxU,üì± Dont Lift This Call #short #finance
Video,https://www.youtube.com/channel/UCyuoWRAo7yaUcPakrafiOeQ,Rini Chandra Official,https://www.youtube.com/watch?v=FNey5HPrt1M,Check out full video on Trouper Records http://FullVideo.openinapp.co/PiyaAaoTo
Video,https://www.youtube.com/channel/UCb-xXZ7ltTvrh9C6DgB9H-Q,Prasadtechintelugu,https://www.youtube.com/watch?v=onfzIzlFUqE,"Technews 1471 || iQOO 11, Oneplus 11, Infinix Zero Ultra, Twitter Blue, Amazon & Flipkart Sales Etc."
Video,https://www.youtube.com/channel/UCb-xXZ7ltTvrh9C6DgB9H-Q,Prasadtechintelugu,https://www.youtube.com/watch?v=1dc4x7pQQJQ,"Technews 1474 || Oneplus 11, Oneplus Gift, Redmi Note 12 pro 5G, Fifa World CUP 2022 Etc..."
Video,https://www.youtube.com/channel/UCgJ5_1F6yJhYLnyMszUdmUg,Shorts Break,https://www.youtube.com/watch?v=fxp8ySzsaVo,‡§Ö‡§≠‡•Ä ‡§†‡•Ä‡§ï ‡§ï‡§∞‡§ï‡•á ‡§¶‡•á‡§§‡•Ä ‡§π‡•Å üòÇüòÇ | Badi Behen Vs. Choti Behen - Part 15 #Shorts #Shortsbreak #takeabreak
Video,https://www.youtube.com/channel/UChBT5TlUeG68PKvJSg6MkqQ,Money Purse { ‡∞Æ‡∞®‡±Ä ‡∞™‡∞∞‡±ç‡∞∏‡±ç },https://www.youtube.com/watch?v=Verm7AgGFKU,‡∞à Current Bill Pay ‡∞ö‡±Ü‡∞Ø‡±ç‡∞Ø‡∞ï‡∞Ç‡∞°‡∞ø | #finance #shorts
Video,https://www.youtube.com/channel/UC2a13fD7KX-BxqAMewhSqMA,ROAR gaming,https://www.youtube.com/watch?v=kapPwz5efoU,BGMI LIVE  | ROAR GAMING | KANNADA STREAM
Video,https://www.youtube.com/channel/UC9ns_qEDvkGpV0IkTV5m18Q,SOLO LEGION,https://www.youtube.com/watch?v=fXW5rgRDsLc,Jonathan (New) VS Manga Vegeta in Jump Force Mugen
Video,https://www.youtube.com/channel/UCekRT2J0fmGlJZ1vr4Pfq8w,Angel's Shivam,https://www.youtube.com/watch?v=NrLk6ClobNA,Angel Di Shopping Nhy Mukdi üõçÔ∏èüòí || Asi Shopping Kitho Kiti??? üòçü•∞ || Shopping start ü§©
Video,https://www.youtube.com/channel/UCvXvWJfWqD5DdWdnyYF6zkw,Finshow by Neha Nagar,https://www.youtube.com/watch?v=R_rx1eeOPlg,https://openinapp.co/youtube/01cc0
Video,https://www.youtube.com/channel/UCvXvWJfWqD5DdWdnyYF6zkw,Finshow by Neha Nagar,https://www.youtube.com/watch?v=tr5tmXA4QYc,https://openinapp.co/youtube/top-7-coins-under
Video,https://www.youtube.com/channel/UCeEP6GESh2t4-e2132uj3Sg,DAY TRADER ‡∞§‡±Ü‡∞≤‡±Å‡∞ó‡±Å,https://www.youtube.com/watch?v=L7tvro8KUUo,No Job üò≠ for Me #short
Video,https://www.youtube.com/channel/UCIGDcUqL2kKMdJCpIr_dfxg,OpeninApp,https://www.youtube.com/watch?v=KfyODPBrA_A,Instafollowers Ko Youtube Subscribers Mein Convert Kaise Kare - Increase User Engagement and ROIs.
Video,https://www.youtube.com/channel/UCjAN96n1KcKIKfeWPU2PCzQ,Pam D'Souza,https://www.youtube.com/watch?v=S9AvDNZZnIs,Wiskf Tote Bags - Save Environment Use Less Plastic
Video,https://www.youtube.com/channel/UChznNzSqb3t3-J8Iehx56LQ,Thunder Gaming,https://www.youtube.com/watch?v=UaetpdOKtgw,HELLO ! THIS IS ME HERE TO PLAY 1V1 TDM ROOMS WITH YOU GUYS. | BGMI LIVE #THUNDER GAMING.
Video,https://www.youtube.com/channel/UCIGDcUqL2kKMdJCpIr_dfxg,OpeninApp,https://www.youtube.com/watch?v=dd02GPhhNhQ,"OpeninApp, Creator ke liye-  Ensure High Ad Revenue, Engagement, Subscriptions And Much More."
Video,https://www.youtube.com/channel/UCk4x6qgOdKo7alpMjlS_frA,Varsha Singh Dhanoa,https://www.youtube.com/watch?v=mcukmuDZy9U,Kon Disa Mein - Full Song |  Ravindra Jain | Varsha Singh Dhanoa | Maddy Sharma | Guru Dhanoa
Video,https://www.youtube.com/channel/UCHzpv7cYL8cj57nNrhHnxJA,Rawat VL Comedy,https://www.youtube.com/watch?v=LtVmKPm7Qsc,Watch the full video üòä‚ù§Ô∏è https://openinapp.co/mi2ag #youtubeshorts #shorts #viralshorts #trending
Video,https://www.youtube.com/channel/UCJqx8MM4gDPDy8TqVVlPyLw,Arsh Goyal,https://www.youtube.com/watch?v=5kUkmsg-j8s,Amazon CodeElevate 2023 | Amazon WOW 2023 | How to prepare | Internship | Stipend
Video,https://www.youtube.com/channel/UCjAN96n1KcKIKfeWPU2PCzQ,Pam D'Souza,https://www.youtube.com/watch?v=GcFSTGsXxkE,Summer Everest : How To Style Men's Shirts Differently This Summer Everest Style
Video,https://www.youtube.com/channel/UCIGDcUqL2kKMdJCpIr_dfxg,OpeninApp,https://www.youtube.com/watch?v=15Y9WYGPtLg,Are you still not eligible for YouTube monetization? Increase Watch Time Using Openinapp.
Video,https://www.youtube.com/channel/UCIGDcUqL2kKMdJCpIr_dfxg,OpeninApp,https://www.youtube.com/@codingshuttle,Are you still not eligible for YouTube monetization? Increase Watch Time Using Openinapp.
Video,https://www.youtube.com/channel/UCjAN96n1KcKIKfeWPU2PCzQ,Pam D'Souza,https://www.youtube.com/watch?v=1k8DGeDyQ9A,Champ‚Äôs day out At Petsmart @JustChillMyDog  #dogs #petsshorts #shorts
Video,https://www.youtube.com/channel/UCb-xXZ7ltTvrh9C6DgB9H-Q,Prasadtechintelugu,https://www.youtube.com/watch?v=j2IfTqNUXHk,"Tech news 1425 || Dussehra Special intro Oneplus Buds pro 2, Xiaomi 12T Series, WhatsApp Etc"
Video,https://www.youtube.com/channel/UCZtFPc3T2hoRpNVutwGZFuA,PAHADI SPIRITS ‚òÜ,https://www.youtube.com/watch?v=9zAE4vYlaSw,Full M/V Link üëâhttps://youtu.openinapp.co/8lrdsyrzcimüëà
Video,https://www.youtube.com/channel/UCp1p92dYtC6cINJ4rSwJEXw,Super Trader Lakshya,https://www.youtube.com/watch?v=WKRqcbKfmM4,"Trading ‡§Æ‡•á ‡§ï‡§∞‡•ã‡•ú‡•ã ‡§ï‡§æ LOSS ‡§π‡•Å‡§Ü ,‡§ï‡•à‡§∏‡•á ‡§¨‡§ö‡•á‡§Ç ?  Step 1 - Stock Market for beginners"
Video,https://www.youtube.com/channel/UChBT5TlUeG68PKvJSg6MkqQ,Money Purse { ‡∞Æ‡∞®‡±Ä ‡∞™‡∞∞‡±ç‡∞∏‡±ç },https://www.youtube.com/watch?v=zy0ih5i5tCM,‡∞Æ‡±Ä ‡∞™‡±á‡∞∞‡±Å ‡∞Æ‡±Ä‡∞¶ ‡∞é‡∞®‡±ç‡∞®‡∞ø Mobile Numbers ‡∞â‡∞®‡±ç‡∞®‡∞æ‡∞Ø‡±ã ‡∞§‡±Ü‡∞≤‡±Å‡∞∏‡±Å‡∞ï‡±ã‡∞Ç‡∞°‡∞ø| #shorts #mobilelegends
Video,https://www.youtube.com/channel/UCb-xXZ7ltTvrh9C6DgB9H-Q,Prasadtechintelugu,https://www.youtube.com/watch?v=rW4OD3Oqv3w,"TechNews 1466 || AirTag, TATA 1mg, Whatsapp, Oneplus Keyboard, Xiaomi Mini PC Etc.."
Video,https://www.youtube.com/channel/UCJqx8MM4gDPDy8TqVVlPyLw,Arsh Goyal,https://www.youtube.com/watch?v=gNpZHvl095s,Guaranteed Internship and Placement Roadmap | 45 Days Challenge | Referrals | Mock Interviews üî•
Video,https://www.youtube.com/channel/UCMpzxF4eSvFIe_uyDpwNeRA,Aditi Gaming Live,https://www.youtube.com/watch?v=MBZKIygvNzQ,Aditi Gaming Live|| freefire girl live || #freefire #girlgamer #aditigaminglive #nonstopgaming #girl
Video,https://www.youtube.com/channel/UC5WIcFnNuSecXgOZa4n0ZRQ,DkmCube Tech,https://www.youtube.com/watch?v=1_cRNPMMr_M,How To Open Link Directly in App |  Customize Social Media Links 2022
Video,https://www.youtube.com/channel/UChBT5TlUeG68PKvJSg6MkqQ,Money Purse { ‡∞Æ‡∞®‡±Ä ‡∞™‡∞∞‡±ç‡∞∏‡±ç },https://www.youtube.com/watch?v=rHk4JiXtZYw,‡∞ï‡∞∞‡±Ü‡∞Ç‡∞ü‡±Å ‡∞¨‡∞ø‡∞≤‡±ç‡∞≤‡±Å‡∞≤‡±Å ‡∞§‡∞ó‡±ç‡∞ó‡∞®‡±Å‡∞®‡±ç‡∞®‡∞æ‡∞Ø‡∞ø | #finance #shorts
Video,https://www.youtube.com/channel/UCb-xXZ7ltTvrh9C6DgB9H-Q,Prasadtechintelugu,https://www.youtube.com/watch?v=1Y4yGxF5ge0,"Technews 1459 || Black Friday Sales, Jio True 5G, Amazon Academy, Free Fire, iQOO Neo 7 Se ,KBC Etc."
Video,https://www.youtube.com/channel/UCXUJJNoP1QupwsYIWFXmsZg,Tech Burner,https://www.youtube.com/watch?v=oQlO8qss2VI,Samsung S23 Ultra Review -  Best Android Phone?
Video,https://www.youtube.com/channel/UCgJ5_1F6yJhYLnyMszUdmUg,Shorts Break,https://www.youtube.com/watch?v=yx4IcK9pToY,‡§ï‡§æ‡§Æ‡§µ‡§æ‡§≤‡•Ä ‡§¨‡§æ‡§à ‡§î‡§∞ ‡§≠‡•à‡§Ø‡§æ ‡§ï‡§æ Diet Plan | Kaamwali Bai - Part 46 | #shorts | Shorts Break
Video,https://www.youtube.com/channel/UCb-xXZ7ltTvrh9C6DgB9H-Q,Prasadtechintelugu,https://www.youtube.com/watch?v=sEgPKMoFujk,iQOO Neo 7 Pro Unboxing & initial impressions || In Telugu
Video,https://www.youtube.com/channel/UC9o1F_8M5B1hZ00posMaY0g,Trading with Groww,https://www.youtube.com/watch?v=VNdfwuA9BSw,How To Use Awesome Oscillator For Trading | Awesome Oscillator Strategy With Trading With Groww
Video,https://www.youtube.com/channel/UC_9BIUoV_auLq4Uh4XWSEEw,Wadea Alaa - ŸàÿØŸäÿπ ÿπŸÑÿßÿ°,https://www.youtube.com/watch?v=lg3yBBqoDGo,ŸÖÿ¥ŸÉŸÑÿ™Ÿä ŸÖÿπ ŸÑŸàÿ¨ŸÜ ÿ®ŸàŸÑ - @RayanShaded
Video,https://www.youtube.com/channel/UChBT5TlUeG68PKvJSg6MkqQ,Money Purse { ‡∞Æ‡∞®‡±Ä ‡∞™‡∞∞‡±ç‡∞∏‡±ç },https://www.youtube.com/watch?v=Bzihy15QX5M,50000 Investmen ‡∞§‡±ã Monthly 8000 Income| Present Cheap‡∞ó‡∞æ ‡∞¶‡±ä‡∞∞‡±Å‡∞ï‡±Å‡∞§‡±Å‡∞®‡±ç‡∞® Quality Stocks| 19 Stocks Future
Video,https://www.youtube.com/channel/UCcEemKX91VohoKl6uRBAPyQ,SimpleGhar Hindi,https://www.youtube.com/watch?v=rSkWviZPmAA,FAKE vs REAL - Apple Airpods Pro!! üòÆ #viral #shorts #apple #viral #airpodspro #hindi #iphone
Video,https://www.youtube.com/channel/UCtcE-0IUd1BMrgzg7eqFcrA,Enigma Visions,https://www.youtube.com/watch?v=zAhpGp317B0,Mount Kailash Mystery | No one has ever climbed Mount Kailash #shorts #history #mystery
Video,https://www.youtube.com/channel/UC9ns_qEDvkGpV0IkTV5m18Q,SOLO LEGION,https://www.youtube.com/watch?v=aWiba00txFg,Kazuki (Petamynx) (New) VS Accurate Saitama in Jump Force Mugen
Video,https://www.youtube.com/channel/UCM-bddNzA22-tJjjtYu9Efg,SHREY ARMY,https://www.youtube.com/watch?v=5XmeGt7FWtc,@MrBeast Almost LOST HIS LIFE! üò∞ Mr Beast Facts - Jimmy Donaldson Titan Subamrine Facts #shorts
Video,https://www.youtube.com/channel/UC9ns_qEDvkGpV0IkTV5m18Q,SOLO LEGION,https://www.youtube.com/watch?v=0Sp9s8h1vYc,Katakuri V4 OP Buff (New) & TC Luffy OP Buff VS Chaos Tanjiro OP in Jump Force Mugen
Video,https://www.youtube.com/channel/UCM-bddNzA22-tJjjtYu9Efg,SHREY ARMY,https://www.youtube.com/watch?v=KoGr--jJMRQ,Bollywood Actor Krushna ROAST Puneet Superstar üò§ Lord Puneet Bigg Boss Facts #shorts
Video,https://www.youtube.com/channel/UCPokJ1HtDczTd0rRPMwMeWw,Omar Aburob,https://www.youtube.com/watch?v=Y8xPy5wt5-w,ŸäŸàÿ™ŸäŸàÿ®ÿ± ÿßŸÜÿ≥ÿ¨ŸÜ ÿ®ÿ≥ÿ®ÿ®..ÿüÿü
Video,https://www.youtube.com/channel/UC9ns_qEDvkGpV0IkTV5m18Q,SOLO LEGION,https://www.youtube.com/watch?v=Vuvz6UNyHH0,Ichigo Fullbring V2 (New) VS Son Goku V3.4 (all form) in Jump Force Mugen
Video,https://www.youtube.com/channel/UC9ns_qEDvkGpV0IkTV5m18Q,SOLO LEGION,https://www.youtube.com/watch?v=TZLj_-_yqUY,Katakuri V4 OP Buff (New) & TC Luffy OP Buff VS Goku Black Purgation OP in Jump Force Mugenüî•
Video,https://www.youtube.com/channel/UC9ns_qEDvkGpV0IkTV5m18Q,SOLO LEGION,https://www.youtube.com/watch?v=7MLZ0_-xcM4,Madara Edo Tensei (New) VS Strongest Final Dio in Jump Force Mugen
Video,https://www.youtube.com/channel/UC9ns_qEDvkGpV0IkTV5m18Q,SOLO LEGION,https://www.youtube.com/watch?v=wMNVkCmwwiY,Goku TP OP (all form) & Naruto V3 OP (all form) VS TC Luffy OP Buff & Natsu OP (all form) in Mugenüò±
Video,https://www.youtube.com/channel/UCM-bddNzA22-tJjjtYu9Efg,SHREY ARMY,https://www.youtube.com/watch?v=6e143L3lPVs,Abdu Rozik IGNORED @FukraInsaan in Bigg Boss ?üíî Fukra Insaan Abhishek Malhan Facts #shorts
Video,https://www.youtube.com/channel/UCgJ5_1F6yJhYLnyMszUdmUg,Shorts Break,https://www.youtube.com/watch?v=zGJDklWZX2o,‡§ï‡§æ‡§Æ‡§µ‡§æ‡§≤‡•Ä ‡§¨‡§æ‡§à ‡§î‡§∞ Bachelors - II ü§£ü§£ | Kaamwali Bai - Part 24 #Shorts #Shortsbreak #takeabreak
Video,https://www.youtube.com/channel/UCU7O0qMN1Ms8xGcq9buJHrA,Rahul Sawarna G.S,https://www.youtube.com/watch?v=Cz3yneVbcd8,‡§¨‡§ø‡§π‡§æ‡§∞ ‡§∂‡§ø‡§ï‡•ç‡§∑‡§ï ‡§≠‡§∞‡•ç‡§§‡•Ä 2023 (POLITY) Class 1-12th ‡§¶‡•á‡§ñ‡§®‡§æ ‡§® ‡§≠‡•Ç‡§≤‡•á‡§Ç‡•§ @rahulsawarnags #supertet #trending
Video,https://www.youtube.com/channel/UCwHh2l999rYKLs-PZ8Mz9vA,Omar Aburob Clips,https://www.youtube.com/watch?v=HJM6vicTVmk,ŸáÿßŸä ÿßŸÑÿ®ŸÜÿ™ ŸÉÿ´Ÿäÿ± ÿ∞ŸÉŸäÿ©!
Video,https://www.youtube.com/channel/UCwHh2l999rYKLs-PZ8Mz9vA,Omar Aburob Clips,https://www.youtube.com/watch?v=zVg2Rj22T_A,ÿ∫ŸÑÿ∑ÿ© ÿ®ÿ≥Ÿäÿ∑ÿ© ŸÇÿ™ŸÑÿ™ŸáŸÖ!!
Video,https://www.youtube.com/channel/UCwHh2l999rYKLs-PZ8Mz9vA,Omar Aburob Clips,https://www.youtube.com/watch?v=2VnFihIx2jA,ÿßŸÑÿ®ŸÜŸä ÿßÿØŸÖ ŸáÿßÿØ ÿÆÿ∑ÿ± ÿπŸÑÿßÿ∑ŸÅÿßŸÑ!
Video,https://www.youtube.com/channel/UCwHh2l999rYKLs-PZ8Mz9vA,Omar Aburob Clips,https://www.youtube.com/watch?v=qkXN9PYfTX4,ÿ≠ÿ≥ÿ®Ÿäÿß ÿßŸÑŸÑŸá ŸÅŸäŸÉŸÖ!
Video,https://www.youtube.com/channel/UCM-bddNzA22-tJjjtYu9Efg,SHREY ARMY,https://www.youtube.com/watch?v=1aSB1tv4hBw,MC STAN Roast by Puneet Superstar GRAND MOTHER üëµ@MCStanOfficial - MC Stan Bigg Boss Facts #shorts
Video,https://www.youtube.com/channel/UCwHh2l999rYKLs-PZ8Mz9vA,Omar Aburob Clips,https://www.youtube.com/watch?v=C9jm3_zq7x4,ÿ™ŸÇÿ®ŸÑ ÿ™ÿ™ÿ≤Ÿàÿ¨ŸÜŸäÿü
Video,https://www.youtube.com/channel/UCwHh2l999rYKLs-PZ8Mz9vA,Omar Aburob Clips,https://www.youtube.com/watch?v=M9PjpLYFQdY,ŸäŸàÿ™ŸäŸàÿ®ÿ± ÿßŸÜÿ≥ÿ¨ŸÜ!!
Video,https://www.youtube.com/channel/UCML15nS7tyrKoQCvoALTrtA,Elliot Page,https://www.youtube.com/watch?v=JWdVSxsKqcU,7 Best Sneakers For Summer 2023
Video,https://www.youtube.com/channel/UCVvkRFMVWfmGB6Ra4N8-r2Q,Education Key86,https://www.youtube.com/watch?v=T7y_iFN8qSg,Bihar ‡§∂‡§ø‡§ï‡•ç‡§∑‡§ï Latest News Update | 1113 ‡§™‡§¶‡•ã‡§Ç ‡§™‡§∞ Guest Teacher ‡§ú‡§≤‡•ç‡§¶ ‡§¨‡§π‡§æ‡§≤ ‡§ï‡§∞‡§®‡•á ‡§ï‡§æ ‡§Ü‡§¶‡•á‡§∂ | Bihar Teacher
Video,https://www.youtube.com/channel/UCM-bddNzA22-tJjjtYu9Efg,SHREY ARMY,https://www.youtube.com/watch?v=-fKXB0zPVSU,"@BeastBoyShub got 50,000 Rs OPEN CHALLENGEü§ë Beast Boy Shub Facts @theRachitroo Vs Shubhuuu #shorts"
Video,https://www.youtube.com/channel/UCIF5g1LHupARfTdCA9gq26A,apni kalam apni awaz,https://www.youtube.com/watch?v=ECRVhXwa1_s,L2 Shala Darpan Registration ‚óÜ ‡§∂‡§æ‡§≤‡§æ ‡§¶‡§∞‡•ç‡§™‡§£ ‡§∞‡§ú‡§ø‡§∏‡•ç‡§ü‡•ç‡§∞‡•á‡§∂‡§® ‚òÖ Checklist Level 2 ‚óÜ level 2 score card
Video,https://www.youtube.com/channel/UC9ns_qEDvkGpV0IkTV5m18Q,SOLO LEGION,https://www.youtube.com/watch?v=ol4dLUGM--g,Katakuri V4 OP Buff (New) VS Jiren OP (all form) in Jump Force Mugen
Video,https://www.youtube.com/channel/UC9ns_qEDvkGpV0IkTV5m18Q,SOLO LEGION,https://www.youtube.com/watch?v=eBidhTEGh1E,Naruto V3 OP (all form) VS Sasuke Rinnegan V2 OP in Jump Force Mugenüî•
Video,https://www.youtube.com/channel/UCdoDYkupTElV62K7ttA_E4w,TechBar,https://www.youtube.com/watch?v=LSa3zsq76YU,Moto Razr 40 Ultra is the BEST FLIP PHONE Right Now!
Video,https://www.youtube.com/channel/UCG7E1r75hle01wu-9bZcTqA, The Velvet Box,https://www.youtube.com/watch?v=zQJH7Ly8f_s,Gopinath Jewellers Agartala|‡ßß ‡¶ó‡ßç‡¶∞‡¶æ‡¶Æ ‡¶•‡ßá‡¶ï‡ßá ‡¶ó‡ßã‡¶≤‡ßç‡¶° ‡¶ö‡ßã‡¶ï‡¶æ‡¶∞ ‡¶ö‡¶ø‡¶ï ‡¶∂‡¶æ‡¶Å‡¶ñ‡¶æ ‡¶¨‡¶æ‡¶Å‡¶ß‡¶æ‡¶®‡ßã‡¶∞ ‡¶∏‡¶æ‡¶•‡ßá ‡¶™‡¶∞‡¶æ‡¶∞ ‡¶ú‡ßÅ‡¶Ø‡¶º‡ßá‡¶≤‡¶æ‡¶∞‡¶ø ‡¶ï‡¶æ‡¶≤‡ßá‡¶ï‡¶∂‡¶®
Video,https://www.youtube.com/channel/UCJqx8MM4gDPDy8TqVVlPyLw,Arsh Goyal,https://www.youtube.com/watch?v=x7g8qmE8Jg0,Flipkart GRID 2023 | How to Prepare | 32 Lakh CTC | Internship at Flipkart
Video,https://www.youtube.com/channel/UCeEP6GESh2t4-e2132uj3Sg,DAY TRADER ‡∞§‡±Ü‡∞≤‡±Å‡∞ó‡±Å,https://www.youtube.com/watch?v=rGFlwjfDHA0,"Market Sudden FALL? Ambani MASTER Plan, IDFC First stock fall, Hero moto stock, eicher stock fall"
Video,https://www.youtube.com/channel/UC1T1Pel2W6AuND82aQlqrWQ,SN Media,https://www.youtube.com/watch?v=WcYNFRw5_Ws,Chatrapati Hindi Dubbed Action Movie | ‡§´‡•Å‡§≤ ‡§Æ‡•Ç‡§µ‡•Ä | Vijayakanth | Khushboo | Ranjita
Video,https://www.youtube.com/channel/UCZYug_chRC6YHyDy0lGdieg,Xpress Telugu,https://www.youtube.com/watch?v=xyXuUo5oJsE,Mahesh Babu daughter Sitara participating in jewellery add shoot ||XpressTelugu
Video,https://www.youtube.com/channel/UCNZWSy9cfBeJDCZYjXO5WIQ,Manijar,https://www.youtube.com/watch?v=MzPVt8X-aGc,zoo roulette tricks || NEW TRICKS ZOO ROULETTE. #zooroulettegametrick
Video,https://www.youtube.com/channel/UC4h5zkgRfnFLjFZtts1N6iA,CUET Adda247,https://www.youtube.com/watch?v=WOdQl0381Fo,Electric Dipole | Electric Charges and Fields Practice | Physics Chapter 1 | Class 12/CUET 2024
Video,https://www.youtube.com/channel/UCrU83y4nqxHQOkmBIid8IBg,HOUSE OF MAVERICK,https://www.youtube.com/watch?v=cfkLq7fKsKA,The 5 Minutes 3 Steps Minimal Skin Care Routine For Teenagers
Video,https://www.youtube.com/channel/UCZYug_chRC6YHyDy0lGdieg,Xpress Telugu,https://www.youtube.com/watch?v=rwzXXZVILes,‡∞Æ‡∞ø‡∞∞‡±ç‡∞ö‡±Ä ‡∞¨‡∞ú‡±ç‡∞ú‡±Ä‡∞≤‡±Å ‡∞µ‡±á‡∞∏‡±ç‡∞§‡±Å‡∞®‡±ç‡∞® ‡∞∞‡∞Ç‡∞ó‡∞∏‡±ç‡∞•‡∞≤‡∞Ç ‡∞´‡±á‡∞Æ‡±ç ‡∞™‡±Ç‡∞ú‡∞ø‡∞§ ‡∞™‡±ä‡∞®‡±ç‡∞®‡∞æ‡∞° || Pujitha Ponnada || Xpress Telugu
Video,https://www.youtube.com/channel/UC1L4yCAVWQtkhhmgKwkOAQg,wr1te,https://www.youtube.com/watch?v=jnPs0yeFru0,–æ—Ç–∫–ª—é—á–∞—é —Ç–µ–ª–µ—Ñ–æ–Ω (turn off the phone) - instasamka [edit audio]
Video,https://www.youtube.com/channel/UC4h5zkgRfnFLjFZtts1N6iA,CUET Adda247,https://www.youtube.com/watch?v=3WBxwtiAdT4,CUET 2023 Refund Policy Release üî•üî•| How Fees Will Be Refunded | CUET Latest Update
Video,https://www.youtube.com/channel/UC4h5zkgRfnFLjFZtts1N6iA,CUET Adda247,https://www.youtube.com/watch?v=BoF5fgBNIe0,CUET 2023 Biggest Update üî•| CUET Revised Answer Key Out üò±üî•‚úÖ
Video,https://www.youtube.com/channel/UCp1p92dYtC6cINJ4rSwJEXw,Super Trader Lakshya,https://www.youtube.com/watch?v=DiIhXdwbDNA,45 lakh LOSS üò≥ ‡§ï‡•á ‡§¨‡§æ‡§¶ ‡§ï‡•à‡§∏‡•á BOUNCE BACK ‡§ï‡§ø‡§Ø‡§æ 6 ‡§ï‡§∞‡•ã‡•ú + Profit ‡§§‡§ï I Stock Market for Beginners
Video,https://www.youtube.com/channel/UCYCPHZMEwDPIXHwILktTHZg,own Anonymous ,https://www.youtube.com/watch?v=chrmmldy3YI,best Plastic Bread Box link discription and pin comment  #style#fashione#trend
Video,https://www.youtube.com/channel/UC-DBDQ9YJzU8emyRHTiXgPQ,Raiden Shubham,https://www.youtube.com/watch?v=jYhQ6kOpJkA,Best Price Action Trading Strategy | Simple Price Action Trading For Option Trading | Share Market
Video,https://www.youtube.com/channel/UCUMccND2H_CVS0dMZKCPCXA,FinnovationZ by Prasad,https://www.youtube.com/watch?v=BoAAKsdrkz0,"He FOOLED 3,00,000 Investors and Allegedly Did A ‚Çπ 200 CRORE SCAM üò≥"
Video,https://www.youtube.com/channel/UC4h5zkgRfnFLjFZtts1N6iA,CUET Adda247,https://www.youtube.com/watch?v=yAfdhLlfu4s,NEW CUET 2023 Revised Answer Keys Out | Biggest Updateüî•
Video,https://www.youtube.com/channel/UCMOxij19BzkBRO00pvLZijg,DOGESH GAMER,https://www.youtube.com/watch?v=x397vdEPS30,@SIMARGAMING0007 98.888% Impossible Tata Nano Car Parkour in GTA 5!  DOGESH GAMER #46
Video,https://www.youtube.com/channel/UCr5lAo2iYayBrKIikB52E9w,MAGADH SCIENCE COACHING PATNA,https://www.youtube.com/watch?v=nkL6jgiMTkI,11th All subject Hindi Medium (Class - 46)
Video,https://www.youtube.com/channel/UCzwCEE_PchiBULMnAJqhGVg,Raj Shamani,https://www.youtube.com/watch?v=Hk60-g76aFw,"The ART Of Making Money, Wealth & Success ft. Rajesh Dembla | Figuring Out 87 - Raj Shamani"
Video,https://www.youtube.com/channel/UCzwCEE_PchiBULMnAJqhGVg,Raj Shamani,https://www.youtube.com/watch?v=NK42Cgib4qQ,Meet India's Most RESPECTED Politician - Nitin Gadkari On Figuring Out 93 | Raj Shamani
Video,https://www.youtube.com/channel/UCb9wsryTO1C8i5CCebeSI1g,YODHA,https://www.youtube.com/watch?v=0jiNW1ewODM,English class 12th chapter 3 bihar board | Class 12th english chapter 2 | 12th english bihar board|
Video,https://www.youtube.com/channel/UCr5lAo2iYayBrKIikB52E9w,MAGADH SCIENCE COACHING PATNA,https://www.youtube.com/watch?v=ZP2JmaVPrgY,12th Hindi Medium All Subject (Class - 103)
Video,https://www.youtube.com/channel/UCTKTeT3vBumsbyRxb7ofjiw,Gareeb M_S Vlogs,https://www.youtube.com/watch?v=6W9RZNOFfT4,New Bike ‡§≤‡•á‡§ï‡§∞ ‡§´‡§∏ ‡§ó‡§è | ‡§ï‡•ç‡§Ø‡§æ ‡§π‡•Å‡§Ü ? | YouTube Money ‡§∏‡•á Bike ‡§≤‡•á‡§ï‡§∞ ‡§ï‡•ç‡§Ø‡•ã‡§Ç ‡§™‡§õ‡§§‡§æ‡§®‡§æ ‡§™‡§°‡§º ‡§∞‡§π‡§æ ?
Video,https://www.youtube.com/channel/UCVQ3CMiKF9RpwJ4oWLxFJ2A,Apna Uttar Pradesh,https://www.youtube.com/watch?v=xoSnFO0YGhM,Jyoti maurya ‡§ï‡•Ä ‡§µ‡§ú‡§π ‡§∏‡•á 136 ‡§™‡§§‡§ø‡§Ø‡•ã‡§Ç ‡§®‡•á ‡§™‡§¢‡§º‡§æ‡§à ‡§ï‡§∞ ‡§∞‡§π‡•Ä ‡§¨‡•Ä‡§µ‡§ø‡§Ø‡•ã‡§Ç ‡§ï‡•ã ‡§µ‡§æ‡§™‡§∏ ‡§¨‡•Å‡§≤‡§æ‡§Ø‡§æ!
Video,https://www.youtube.com/channel/UCVQ3CMiKF9RpwJ4oWLxFJ2A,Apna Uttar Pradesh,https://www.youtube.com/watch?v=lnFKiWAO5pY,"‡§¨‡•á‡§ü‡•Ä ‡§ï‡•Ä ‡§∂‡§æ‡§¶‡•Ä ‡§Æ‡•á‡§Ç ‡§ê‡§∏‡•Ä ‡§¨‡§æ‡§µ‡§≤‡•Ä ‡§π‡•Å‡§à ‡§Ö‡§Æ‡•ç‡§Æ‡§æ, ‡§∏‡§¨‡§ï‡•á ‡§∏‡§æ‡§Æ‡§®‡•á ‡§™‡§ø‡§Ø‡§æ ‡§ú‡•Ä ‡§ï‡•ã ‡§¶‡•á‡§®‡•á ‡§≤‡§ó‡•Ä ‡§ö‡•Å‡§Æ‡•ç‡§Æ‡§æ,‡§ü‡•Ç‡§ü ‡§ó‡§Ø‡•Ä ‡§¨‡•á‡§ü‡•Ä ‡§ï‡•Ä ‡§∂‡§æ‡§¶‡•Ä"
